{
  "dummy_loss_loss": [
    1.0,
    1.0,
    1.0,
    1.0,
    1.0,
    1.0,
    1.0,
    1.0,
    1.0,
    1.0,
    1.0,
    1.0,
    1.0,
    1.0,
    1.0,
    1.0,
    1.0,
    1.0,
    1.0,
    1.0
  ],
  "loss": [
    0.8914597034454346,
    -0.6847776770591736,
    -0.8592084646224976,
    -0.9464516639709473,
    -0.9883008599281311,
    -1.0140234231948853,
    -1.0337952375411987,
    -1.05006742477417,
    -1.0600775480270386,
    -1.0674450397491455,
    -1.0680317878723145,
    -1.073236346244812,
    -1.0792814493179321,
    -1.0824710130691528,
    -1.0871899127960205,
    -1.0898631811141968,
    -1.0936279296875,
    -1.0960662364959717,
    -1.0974255800247192,
    -1.0988601446151733
  ],
  "learning_rate": [
    0.012749999761581421,
    0.010837499983608723,
    0.00921187549829483,
    0.007830094546079636,
    0.00665558036416769,
    0.00565724354237318,
    0.004808656871318817,
    0.004087358713150024,
    0.0034742550924420357,
    0.0029531167820096016,
    0.0025101492647081614,
    0.0021336269564926624,
    0.0018135830760002136,
    0.0015415456146001816,
    0.001310313818976283,
    0.0011137668043375015,
    0.0009467017371207476,
    0.0008046965231187642,
    0.0006839920533820987,
    0.00058139325119555
  ]
}