{
  "dummy_loss_loss": [
    1.0,
    1.0,
    1.0,
    1.0,
    1.0,
    1.0,
    1.0,
    1.0,
    1.0,
    1.0
  ],
  "loss": [
    32.93880844116211,
    1.1046867370605469,
    0.6215531826019287,
    0.04809822142124176,
    -0.09882637113332748,
    -0.06568031013011932,
    -0.13714134693145752,
    0.23970553278923035,
    -0.1389055997133255,
    2.3441483974456787
  ],
  "learning_rate": [
    0.008500000461935997,
    0.00722500029951334,
    0.006141250487416983,
    0.005220063030719757,
    0.0044370535761117935,
    0.003771495772525668,
    0.0032057713251560926,
    0.0027249057311564684,
    0.0023161699064075947,
    0.00196874444372952
  ]
}